{"cameraMode":{"drawMode":0,"name":"Shaded","section":"Shading Mode"},"sceneLighting":true,"audioPlay":false,"sceneViewState":{"m_AlwaysRefresh":false,"showFog":true,"showSkybox":true,"showFlares":true,"showImageEffects":true,"showParticleSystems":true,"showVisualEffectGraphs":true,"m_FxEnabled":true},"in2DMode":false,"pivot":{"x":0.02056470885872841,"y":0.031946465373039249,"z":0.20406275987625123},"rotation":{"x":0.10642445087432862,"y":0.05812900513410568,"z":-0.006231612525880337,"w":0.9926034212112427},"size":0.13741666078567506,"orthographic":false}